<?xml version="1.0" encoding="UTF-8"?><artifacts>
    <artifact name="HelloAPI" groupId="com.example.api" version="1.0.0" type="synapse/api" serverRole="EnterpriseServiceBus">
        <file>src/main/synapse-config/api/HelloAPI.xml</file>
    </artifact>
    <artifact name="HelloAPI_swagger" groupId="com.example.metadata" version="1.0.0" type="synapse/metadata" serverRole="EnterpriseServiceBus">
        <file>src/main/resources/metadata/HelloAPI_swagger.yaml</file>
    </artifact>
    <artifact name="HelloAPI_metadata" groupId="com.example.metadata" version="1.0.0" type="synapse/metadata" serverRole="EnterpriseServiceBus">
        <file>src/main/resources/metadata/HelloAPI_metadata.yaml</file>
    </artifact>
    <artifact name="TestProxy" groupId="com.example.proxy-service" version="1.0.0" type="synapse/proxy-service" serverRole="EnterpriseServiceBus">
        <file>src/main/synapse-config/proxy-services/TestProxy.xml</file>
    </artifact>
</artifacts>
