<?xml version="1.0" encoding="UTF-8"?>
<api context="/helloapi" name="HelloAPI" statistics="enable" trace="enable" xmlns="http://ws.apache.org/ns/synapse">
    <resource methods="GET">
        <inSequence>
            <log description="print input"/>
            <pcml.init>
                <systemName>AS400_SystemName</systemName>
                <userID>MyUserID</userID>
                <password>MyPassword</password>
            </pcml.init>
            <payloadFactory media-type="xml">
                <format>
                    <pcml:pcmlInputs xmlns:pcml="pcml">
                        <pcml:pcmlInput qualifiedName="Addition.inputValue1">$1</pcml:pcmlInput>
                        <pcml:pcmlInput qualifiedName="Addition.inputValue2">$2</pcml:pcmlInput>
                    </pcml:pcmlInputs>
                </format>
                <args>
                    <arg evaluator="xml" expression="//m0:value1" xmlns:m0="http://services.samples"/>
                    <arg evaluator="xml" expression="//m0:value2" xmlns:m0="http://services.samples"/>
                </args>
            </payloadFactory>
            <pcml.call>
                <programName>Addition</programName>
                <pcmlFileLocation>conf:/pcml/PcmlNumberAddition.pcml</pcmlFileLocation>
                <pcmlInputs xmlns:pcml="pcml">{//pcml:pcmlInputs}</pcmlInputs>
            </pcml.call>
            <respond/>
        </inSequence>
        <outSequence/>
        <faultSequence/>
    </resource>
</api>
